{"cameraMode":{"drawMode":0,"name":"Shaded","section":"Shading Mode"},"sceneLighting":false,"audioPlay":false,"sceneViewState":{"showFog":true,"showMaterialUpdate":false,"showSkybox":true,"showFlares":true,"showImageEffects":true,"showParticleSystems":true},"in2DMode":false,"pivot":{"x":-18.851266860961915,"y":5.675155162811279,"z":0.01826569437980652},"rotation":{"x":0.4663175046443939,"y":0.06896717101335526,"z":-0.03684000298380852,"w":0.8814793229103088},"size":161.3139190673828,"orthographic":false}