{"cameraMode":{"drawMode":0,"name":"Shaded","section":"Shading Mode"},"sceneLighting":true,"audioPlay":false,"sceneViewState":{"showFog":true,"showMaterialUpdate":false,"showSkybox":true,"showFlares":true,"showImageEffects":true,"showParticleSystems":true},"in2DMode":false,"pivot":{"x":25.536521911621095,"y":-1.3447718620300294,"z":19.65167236328125},"rotation":{"x":0.6816498637199402,"y":0.05667305737733841,"z":-0.057756390422582629,"w":0.7276960015296936},"size":81.45016479492188,"orthographic":false}